{
  "workspace_bounds": [
    [
      0.3485422927686855,
      0.7269094110187726
    ],
    [
      -0.29438146107957575,
      0.3782711935872458
    ]
  ],
  "pixel_length": 0.00035033992430563623,
  "camera_1": {
    "position": [
      [
        -0.17319756010645285
      ],
      [
        0.1712553328220349
      ],
      [
        -0.33590965419102403
      ]
    ],
    "orientation": [
      [
        0.824172344600383,
        0.5661252858962008,
        -0.015559790000222567
      ],
      [
        -0.4523523761474046,
        0.6415122141576629,
        -0.6195477438263566
      ],
      [
        -0.3407598482651711,
        0.5176526246002012,
        0.7848047439043798
      ]
    ]
  },
  "camera_2": {
    "position": [
      [
        0.46145772864423235
      ],
      [
        -0.08738639992980952
      ],
      [
        0.3404721592479833
      ]
    ],
    "orientation": [
      [
        -0.35707904303463356,
        -0.861180809440378,
        0.36174876707058284
      ],
      [
        0.9208499405504889,
        -0.2596153555402648,
        0.2909213882750194
      ],
      [
        -0.1566203818589176,
        0.43699826157470945,
        0.8857214998898073
      ]
    ]
  }
}